atm_id,location_type,city,cassette_capacity
ATM01,mall,surabaya,500.0
ATM02,mall,makassar,550.0
ATM03,mall,medan,500.0
ATM04,mall,semarang,600.0
ATM05,office,makassar,350.0
ATM06,office,semarang,300.0
ATM07,office,medan,450.0
ATM08,office,bandung,250.0
ATM09,residential,semarang,350.0
ATM10,residential,jakarta,250.0
ATM11,residential,makassar,300.0
ATM12,residential,bandung,350.0
ATM13,residential,semarang,350.0
ATM14,transport_hub,jakarta,550.0
ATM15,transport_hub,jakarta,750.0
ATM16,transport_hub,jakarta,350.0
ATM17,university,makassar,250.0
ATM18,university,jakarta,200.0
ATM19,market,medan,300.0
ATM20,market,jakarta,300.0
